類・品目,総合,生鮮食品を除く総合,持家の帰属家賃を除く総合,持家の帰属家賃及び生鮮食品を除く総合,生鮮食品及びエネルギーを除く総合,食料（酒類を除く）及びエネルギーを除く総合,食料,生鮮食品,生鮮食品を除く食料,穀類,魚介類,生鮮魚介（再掲）,肉類,乳卵類,野菜・海藻,生鮮野菜（再掲）,果物,生鮮果物（再掲）,油脂・調味料,菓子類,調理食品,飲料,酒類,外食,住居,持家の帰属家賃を除く住居,家賃,持家の帰属家賃を除く家賃,設備修繕・維持,光熱・水道,電気代,ガス代,他の光熱,上下水道料,家具・家事用品,家庭用耐久財,室内装備品,寝具類,家事雑貨,家事用消耗品,家事サービス,被服及び履物,衣料,和服,洋服,シャツ・セーター・下着類,シャツ・セーター類,下着類,履物類,他の被服,被服関連サービス,保健医療,医薬品・健康保持用摂取品,保健医療用品・器具,保健医療サービス,交通・通信,交通,自動車等関係費,通信,教育,授業料等,教科書・学習参考教材,補習教育,教養娯楽,教養娯楽用耐久財,教養娯楽用品,書籍・他の印刷物,教養娯楽サービス,諸雑費,理美容サービス,理美容用品,身の回り用品,たばこ,他の諸雑費,エネルギー,教育関係費,教養娯楽関係費,情報通信関係費
Group/Item,All items,"All items, less fresh food","All items, less imputed rent","All items, less imputed rent & fresh food","All items, less fresh food and energy","All items, less food (less alcoholic beverages) and energy",Food,Fresh food,"Food, less fresh food",Cereals,Fish & seafood,Fresh fish & seafood (reentry),Meats,Dairy products & eggs,Vegetables & seaweeds,Fresh vegetables (reentry),Fruits,Fresh fruits (reentry),"Oils, fats & seasonings",Cakes & candies,Cooked food,Beverages,Alcoholic beverages,Meals outside the home,Housing,"Housing, less imputed rent",Rent,"Rent, less imputed rent",Repairs & maintenance,"Fuel, light & water charges",Electricity,Gas,Other fuel & light,Water & sewerage charges,Furniture & household utensils,Household durable goods,Interior furnishings,Bedding,Domestic utensils,Domestic non-durable goods,Domestic services,Clothes & footwear,Clothes,Japanese clothing,Clothing,"Shirts, sweaters & underwear",Shirts & sweaters,Underwear,Footwear,Other clothing,Services related to clothing,Medical care,Medicines & health fortification,Medical supplies & appliances,Medical services,Transportation & communication,Public transportation,Private transportation,Communication,Education,School fees,School textbooks & reference books for study,Tutorial fees,Culture & recreation,Recreational durable goods,Recreational goods,Books & other reading materials,Recreational services,Miscellaneous,Personal care services,Toilet articles,Personal effects,Tobacco,Other miscellaneous,Energy,Expenses for education,Expenses for culture & recreation,Expenses for information & communication
類・品目符号(Group/Item code),1,161,163,166,178,168,2,157,172,3,8,158,13,16,21,159,27,160,30,33,34,37,41,42,45,164,46,165,51,54,56,57,58,59,60,61,66,70,73,77,81,82,83,84,85,89,90,94,98,103,106,107,108,109,110,111,112,113,117,118,119,120,121,122,123,128,134,138,145,146,147,151,155,156,167,162,173,169
含類総連番(Serial number),1,733,735,738,740,741,2,729,734,3,21,730,55,67,79,731,129,732,149,172,190,222,243,253,281,736,282,737,290,310,311,313,316,318,321,322,339,344,350,365,380,388,389,390,393,423,424,440,451,458,466,471,472,486,499,504,505,524,550,557,558,568,571,575,576,586,621,631,669,670,677,704,716,719,739,742,743,744
ウエイト(Weight),3190396706,3064100061,2686407772,2560111127,2836921138,2163299424,837777792,126296645,711481147,68149976,63474625,35700683,79333024,40174994,90779258,60100312,33431502,30495650,38497685,75224349,112214782,52027047,37859433,146611117,685773216,181784282,584936605,80947671,100836611,221145728,108710567,48173221,12158452,52103488,123411836,42179255,6577565,8613708,23738356,33518214,8784738,112584877,48397154,1341826,47055328,33461117,22528451,10932666,15357481,9128106,6241019,152330482,40726717,28947320,82656445,476190801,53231261,282263274,140696266,97001854,68010600,2197039,26794215,290669386,24536787,65733216,35138875,165260508,193510734,35161552,51225533,20181956,12596598,74345095,227178923,120648071,308848382,159473833
ウエイト１万分比(Weight per 10000),10000,9604,8420,8024,8892,6781,2626,396,2230,214,199,112,249,126,285,188,105,96,121,236,352,163,119,460,2149,570,1833,254,316,693,341,151,38,163,387,132,21,27,74,105,28,353,152,4,147,105,71,34,48,29,20,477,128,91,259,1493,167,885,441,304,213,7,84,911,77,206,110,518,607,110,161,63,39,233,712,378,968,500
1970,30.9,31.2,31.3,31.6,31,31.6,28.7,24.9,29.7,33.5,20.6,22.2,34.3,46,23.8,25.7,28.5,27.8,47,26.3,23.5,52.9,43.3,22.6,26.4,24,28.7,30.8,18.6,30.4,54.9,26.1,17.6,,72.4,210,71.7,58.5,28.4,66.1,18,27.6,25.7,22.5,27.2,30.3,29.3,30.2,26.6,37.6,23.6,37.5,48.6,51.2,26.9,39.6,19.5,46.3,87.1,15,14,25.9,,38.6,2014.8,36.2,18.3,24,28,14.9,67.4,23.5,20.2,11.7,35.5,,,
1971,32.9,33.3,33.1,33.6,33.1,33.8,30.5,25.7,31.7,34.4,23.7,26.4,35.6,48.6,24.3,24.6,27.2,26.5,50,28.6,25.8,54.5,45.6,25.1,28.7,25.9,31.2,33.4,20.2,31.4,54.8,26.8,20.2,,75.7,213.4,77.3,61.7,30.5,70,19.5,30.3,28.6,25.7,29.9,33.1,31.7,33,28.7,40.6,26.1,38.2,50.1,54.4,27.1,41.1,20.3,48.1,89.2,16.3,15,29.7,,41.2,1973.2,38,20.9,26.3,29.4,17,69.4,24.8,20.2,11.8,37.1,,,
1972,34.5,35.1,34.6,35.3,35,35.6,31.6,25.7,33.2,35.7,24.8,27.3,37.4,50.4,24.4,23.4,27.3,26.6,51.2,30.3,27.5,55,45.6,27.1,31.5,28.1,34.3,36.1,21.8,32,54.7,27.8,20.5,,76.9,212.3,80.1,63.1,31.8,71.1,21.3,32,30.5,28.6,31.3,34.4,32.8,34.6,30.6,42.3,28.3,41.8,51.8,59.1,30.2,42.7,21.3,48.8,93.4,17.5,16.3,30,,43.2,1962.2,40.6,22.1,27.8,30.5,19.3,69.6,25.5,20.2,12,37.6,,,
1973,38.6,39.1,38.7,39.3,39,39.5,35.7,29.6,37.4,38.8,28.2,30.7,44.9,56.1,30.8,30.5,27.7,27.1,57,32.9,32.9,56.8,47.8,30.9,35.1,31.9,37.6,39.2,26.2,33.6,54.5,30.8,22.5,,85,231,85.6,73.2,35.6,78.1,23.2,39.3,38.2,36.7,38.9,40.8,39.9,39.9,36.2,47.3,32.3,41.3,53.4,62.2,29.3,45.4,22.9,52.7,94.8,19.4,18.3,33.1,,47.4,2014.8,45.8,24.9,30.7,32.7,23,66.5,29,20.2,13.3,40.3,,,
1974,47.5,47.9,48.1,48.7,47.6,47.2,45.6,38.7,47.4,48,37.1,40.2,53.4,73.3,40.4,41.1,34.4,33.5,76.5,46.8,45.8,68.7,55.5,38.5,40,39.4,40.4,42,37.1,42.2,62.3,40.1,33.6,,116.1,322.7,109.6,91.5,50.3,111,27.9,48.3,46.1,43.7,47.3,51.8,48.9,52.5,48.2,57.7,41.1,44.7,56.6,86.8,31.1,53.8,26.2,69.8,96.1,22.9,21.4,39.5,,58.1,2374.4,59.1,33.9,35.2,38.6,31.7,74.1,36.2,20.2,14.8,53.7,,,
1975,53.1,53.6,53.8,54.6,53.3,52.2,51.6,42.4,54,58,41.8,45.7,60.9,79.5,41.2,40.5,40.8,40.1,87.5,53.4,51.4,78,59.9,44.8,44.2,43.1,44.8,46.1,40.6,48,65.3,48,39.4,,120.5,339.6,114.8,92.7,53.9,106.5,33.2,51.2,49.8,46.7,51.2,53,51.1,52.7,51.1,61.4,45.9,50.4,64.1,96.9,35.1,60.5,31.6,75.7,98.2,28.8,26.9,49.2,,66,2457.7,63.8,39.2,41.9,43.1,39,78.7,40.8,20.2,15,60.7,33.2,,
1976,58.1,58.4,58.9,59.4,58.1,57.4,56.2,48.6,58.2,64.9,46.5,53.1,67.3,81.5,46.7,48.4,43.9,43,87.3,56.1,54.6,83.5,65.8,49.2,48.6,47.1,49.4,50.8,44,52.8,70.3,50.6,44,,122.1,338.5,119,94.6,54.4,108,38.9,55.4,55,52.5,56.4,56.5,56,54.3,53.9,65,49.2,54.6,67.9,99.8,38.7,66.5,37.1,79.8,108.5,33.9,33.6,49.6,28.8,70.3,2438,67.3,40.6,46.4,52.1,44.9,82.1,42.5,30.1,29.2,64.9,38,,
1977,62.8,63.1,63.6,64.1,62.8,62.4,60,53,61.7,70.5,55.2,62.7,67.1,84.9,46.8,46.7,49.6,48.7,88.1,58.3,57.1,90.4,66.8,52.8,53.2,51.4,54.2,56,47.3,57.8,78,55.9,45.3,,126.8,343,124.5,101.4,57.2,112.6,43.5,58.7,58.2,57.3,59.1,59.9,59.5,57.4,57.9,69,52.8,57.3,72.8,106.1,40.2,78.7,44.2,81.6,165.2,38.7,39.8,50.1,32.8,74.6,2442.4,71.3,41.7,51.1,55.3,50.2,89.9,44.6,30.1,37.6,69.9,42.5,,
1978,65.5,65.9,66,66.7,65.9,65.8,62.1,54,64.2,74.2,59.4,64,67,82.2,48.8,48.4,49.3,48.4,88.6,59.6,59.1,94.6,70.6,55.2,57.3,54.7,58.9,60.5,49.4,57.4,76.7,55.8,43.4,,129.3,349,125,103.3,59.5,111.9,47,60.8,60.5,60.7,61.1,61.4,61.5,58.4,60.4,71.6,54.5,62.9,74.9,109.3,45.6,79.7,46.8,78.8,170.2,43.5,45.7,51.9,35.8,78.1,2459.9,74.3,44.1,53.9,56.9,53.5,92.3,46.2,30.1,38.3,67,46.6,,
1979,67.9,68.3,68.3,69,68.2,68.7,63.4,56.4,65.1,75.3,61.7,66.8,66.4,83.2,51.1,51.1,51,50,88.1,59.8,59.8,93.3,72,56.8,60.6,57.9,62.1,63.8,52.6,60.1,76.7,57,53,,131.5,353.1,126.8,105.5,61.3,112.4,49.5,63.8,64.2,66.7,64.1,63.6,64.6,59.3,62.6,73.5,56.2,64.3,77.5,109.7,46.6,84.5,51.7,84.4,170.5,47.4,50.6,52.9,38.8,80.6,2464.3,75.5,46.3,55.9,58.5,56.6,93.2,49.1,30.1,38.6,71.8,50,,
1980,73.2,73.5,73.8,74.4,72.2,73.2,67.3,62,68.3,79.2,63.4,70.4,68.1,89.2,59.8,62.8,51.5,50.6,93.7,63,62.7,95.7,77.8,60.3,64.3,62.7,65,66.6,59.4,80.2,102.9,76.6,83.7,,141,368.2,134.2,111.4,67.1,127.8,52.9,67.2,67.3,70.3,67,66.6,68.2,61.5,67.9,76.4,60.6,65.3,79.9,112.2,47.1,89.9,55.3,93.1,170.3,51.8,55.9,54.3,42.8,86.4,2457.7,81.4,51.2,60.1,65.6,61.6,93.9,61.1,34.5,39,96.6,54.1,82.8,
1981,76.7,77,77.5,78.1,75.6,76.6,70.8,65.9,71.8,83.2,65.8,72.4,70.9,92.4,63.3,66.6,57.5,56.6,98.1,66.9,65.5,100.3,84,63.5,67.2,65.2,68.1,69.8,61.3,86.4,111.7,81.8,88.8,,147.3,381.7,139.7,115.7,71.3,133,56.8,70,69.9,74.1,69.4,69,70.5,64.1,71.1,79.2,63.1,67.2,84.3,117.4,47.8,93,59.4,95.2,169.7,55.8,59.9,59.8,46.3,90.8,2407.3,85.4,55.1,63.6,68.6,65,96.2,63.1,36.6,39.9,102.4,57.8,87.4,
1982,78.9,79.4,79.5,80.3,77.9,79,72.1,64.9,73.7,86.6,69.9,78.1,71.9,88.1,59.9,60,55.6,54.6,98.3,69.1,68.1,102.7,86,65.6,69.6,67.2,70.8,72.6,62.1,89.5,112.2,82.1,98,,148.5,381.7,138.1,117.5,72.7,133,59.4,72,72.4,76.4,72,70.9,72.7,65.4,72,81,64.5,69.1,87.7,121.2,49,97.7,64.5,99.9,167.8,59.2,63.9,60.9,48.8,92.6,2339.3,86.8,55.9,65.7,69.8,67.2,99.3,63.2,36.6,41.9,106.4,60.9,90.2,
1983,80.3,80.8,81,81.8,79.7,80.9,73.6,66.6,75.1,88.8,70,77.8,73.1,86.5,64.3,65.4,55.4,54.4,98.5,69.9,69.7,103.6,88.3,67.3,71.8,69.2,73.3,75.4,63.3,89.2,112.2,82.3,92.7,,149.4,378.7,138.9,119.3,73.7,133.9,61.7,73.6,74.5,80.3,73.7,72.3,74.3,66.6,73.3,82.4,65.3,70,90.4,126.1,49,96.9,66,96.8,166.6,62.1,67.4,61,50.6,94.8,2286.7,89.3,56.9,68.1,72.5,68.8,101.4,64,39.5,50.5,103.4,63.4,92.3,
1984,82.2,82.6,82.8,83.6,81.6,83.1,75.6,69,77.1,92,70.1,78,73.3,87.5,68.1,68.8,59,58.1,101.2,70.6,70.8,104.2,96.7,69.3,73.4,71,75,77.9,64.4,89.1,112.2,82.6,85.9,,150.7,378.3,139,120.2,75.5,134.2,64,75.5,77.1,83.8,76.1,73.9,76.2,67.7,74.4,83.5,66,72.6,97.6,130.1,50,97.8,69.7,95.2,162.9,64.8,70.4,61.7,52.8,96.7,2234.1,90.4,57.2,70.6,74.2,70,103,64.4,40.9,57.5,101.1,65.6,94.9,
1985,83.8,84.2,84.5,85.2,83.6,85.4,76.9,70.7,78.2,94,71.7,79.9,72.8,88.4,66.6,66.1,65.7,64.9,103.1,71.1,71.4,105.8,98.8,70.8,75.2,72.9,77,80.4,65.5,88.8,112.2,82.7,79.1,60.3,151.7,375.7,139.5,120.7,77.3,134.3,66.2,78.1,80.8,85.6,80.2,75.7,78.3,68.8,75.6,85.3,66.8,76.8,98.9,132.9,54.3,99.9,72.7,96.6,161,67.7,73.4,62.1,56.1,98.7,2192.4,92.1,58,72.8,75.1,71.3,105.5,64.8,40.9,60.7,99.3,68.1,97.4,
1986,84.3,84.9,84.8,85.7,84.9,87,77.1,69,78.8,95,72.6,80.6,72,89.3,65.7,64.6,61,59.9,102.6,71.6,72,106.6,98.8,72,77.1,74.4,79,82.4,66.6,84.3,106.6,79,65.8,61.7,151.7,370.8,140.9,121.9,77.7,134.1,68.1,79.8,83.1,86.5,82.8,77.3,80.5,69.3,76.4,86.5,67.5,78.2,100.3,134,55.7,99.2,74.6,93.7,160.4,70.1,76.3,62.1,57.7,100.2,2102.5,93,60.3,74.4,76.6,72,106,63.9,44,62.3,91.4,70.1,99.1,
1987,84.4,85.2,84.6,85.7,85.6,88.2,76.4,67.2,78.4,94.9,71.4,78.3,70.6,80.7,65.2,64.2,58,56.8,100.2,71.8,72.7,104.7,98.7,72.7,79.3,76.1,81.4,85,67.4,78.1,99.1,73.5,49.7,62.6,150.8,363.3,142.3,120.2,77.9,133.4,69.5,80.7,84,87.5,83.6,78.6,82.3,69.6,77.2,87.4,68.1,79.7,102.4,134.5,56.9,99.9,76.2,94.1,159.6,72.5,79.2,63.2,59.2,100.7,1942.5,93.1,61.5,75.8,77.5,72.7,106.4,63.5,45.5,63.7,84.6,72.1,99.9,
1988,85,85.5,85.1,85.9,86.2,89.2,76.9,70.2,78.3,93.7,70.9,75.8,69.9,79.9,71.4,73.8,58.4,57.4,99,71.6,72.8,102.6,98.7,73.2,81,77.9,83.3,87.2,68.6,76.2,96.7,71.8,43.5,63.7,150.1,357.3,143.8,119.3,78.3,131.9,70.9,81.6,85.2,88.4,84.9,79.5,83.4,70.3,77.8,88,68.7,80,103.2,135.3,57,99.4,76.7,93.1,157.5,74.9,82.1,63.4,60.8,101.2,1775.9,94.7,61.9,77.2,77.8,73.4,106.3,63.9,45.5,65.3,81.5,74.1,100.5,
1989,86.9,87.5,87,87.9,88.5,91.4,78.6,71.1,80.2,95.3,72.1,76.2,70.9,83.8,71.2,71.9,63.6,62.7,100.4,72.9,74.8,104.3,97.5,75.9,83.4,80.4,85.6,89.9,71.1,76,94.5,72.3,42.9,65.2,150.8,349,146.3,121,80.7,131.5,73.5,85.2,89.6,92.4,89.5,82.9,87.1,72.7,80,90.5,70.4,81.2,105.2,139.6,57.6,100.5,78.6,93.4,158.6,77.9,85.4,64.9,63.4,104.5,1650.9,96.6,66.9,80.2,79,76,107.2,64.6,45.5,65.6,81.5,76.7,103.5,
1990,89.6,89.9,89.7,90.2,90.7,93.8,81.8,78.9,82.2,96.9,74.7,80.1,72.8,88.2,79.4,83.3,70.9,70.2,103.2,75,76.7,105,99.7,77.8,85.9,83.1,88,92.2,74.2,77.8,93.6,74,53.3,66.2,151,344.5,147.4,120.9,82.4,130.9,75.6,89.3,94.6,96.2,94.6,86.9,92.6,74.6,82.8,93.4,72.2,81.9,106.1,135,58.4,101.9,79.6,95.4,157.6,81.8,89.8,66,66.7,108.1,1635.6,98.7,68.8,84.1,79.9,77.6,107.1,66.4,45.5,65.6,84.3,79.9,106.7,
1991,92.6,92.5,92.7,92.8,93.4,96.3,85.7,86.6,85.3,99.4,77.6,82.2,74.9,92.5,89.9,96.4,79.2,78.1,109.9,77.7,80.5,107,101.8,79.9,88.6,86.1,90.5,94.5,78,79.5,93.6,77,59.5,66.8,152.2,337.3,149.3,121.2,86.2,133.2,77.8,93.5,99.5,99,99.8,90.8,97,77.1,87.1,96.4,74.9,82.1,108.2,134.4,58.7,102.6,80.4,96.8,154.8,85.7,93.9,70.9,70.3,111.2,1620.8,102.3,70.4,87,81.4,79.9,107.6,68.9,45.5,65.6,86.3,83.6,109.2,
1992,94.1,94.5,94.2,94.8,95.7,98.7,86.2,81,87.1,102.2,78.9,81,75.8,87.9,82.2,81.4,80.4,79,110.6,79.2,82.6,111.7,102.1,81.9,91.3,89.4,93,97.2,81.9,79.6,93.6,77.3,57.4,68,154,336.6,154,121.5,88.8,133.1,80,96.3,102.4,101.8,102.8,94.1,100,80.8,88.9,99.9,77.5,84.6,108.6,135.3,61.4,103.1,82.3,97.1,151.6,89.4,98,71.4,73.3,114.8,1609.4,103.9,77.2,89.5,82.7,83.3,108.2,69.9,45.7,66,85.4,87.1,112.3,
1993,95.4,95.8,95.3,96,97,100.1,87.1,81.3,88.2,104.4,78.5,79.8,75.2,87.5,88.7,90.8,71.3,69.7,110.3,80,83.8,113.5,102,83.4,93.7,92.2,95.2,99.7,85.3,80.2,93.3,77.4,57.8,70.4,153.5,332.8,154.6,120.7,89.8,130.9,82,96.3,101.6,103.4,101.6,94.1,99.4,82.2,89.5,101,79.4,85,108.6,134.5,62.6,103.4,83.1,97.9,148,93.2,102.3,74.1,76.3,116.6,1560.3,106,78.3,91.7,83.9,85.7,108.9,70.1,45.8,78.4,85.5,90.3,113.9,
1994,96,96.5,95.7,96.5,97.9,100.9,87.8,81.4,89.1,110.1,77.1,78.7,74.2,87.3,88.6,89.4,74.3,73.2,109.3,80.3,84.5,114,104,84.4,95.9,94.3,97.3,101.8,87.3,79.9,92.1,76.7,55.7,73.3,150.4,319.3,153.8,116.7,90.2,126.7,83.3,95.2,99.3,103.7,98.9,93.7,98.5,83.4,88.7,101.3,80.5,85.2,108.8,132.1,63.7,102.8,83.6,97.4,143.3,96.2,106.2,75.5,77.5,118,1468.7,106,82.6,93.2,84.5,87.4,110,69.6,45.9,80.7,84,92.8,114.8,
1995,95.9,96.5,95.5,96.2,98.1,101.6,86.8,80,88.1,102,76.2,77.5,74,87.4,85.6,84.6,76.8,75.8,107.3,80.1,84.2,115.6,104.8,84.3,97.8,96.4,99.1,103.7,89.8,80.1,91.9,77,53.3,75.1,147.6,309,152.4,113.3,90.5,121.8,84.5,94.7,98.3,103.5,97.7,93.7,97.9,84.3,88.5,101.3,80.9,85.3,109.7,129.4,64.3,102.9,85.1,95.3,149,99,109.6,75.5,79.6,117.1,1323.2,104.6,83.7,93.7,84.7,89,109.8,69.1,45.9,81.7,82.4,95,114.1,
1996,96,96.7,95.5,96.1,98.5,102.1,86.7,80.3,87.9,100.6,77.6,80.3,75,87.7,84,82.4,76.5,75.7,105.6,80.1,84.6,115.1,104.3,84,99.2,97.8,100.5,105,91.3,79.9,89.3,77.6,55.1,77.7,144.7,296,150.9,111,90.5,118.5,86.2,95.8,99.6,105.3,99.1,95,99.2,85.6,88.6,101.5,81.4,85.9,110.4,127.7,65.2,102.2,87.6,92.9,147.6,101.4,112.3,76,81.4,115.8,1176.3,103.3,84.3,94,85.1,90.3,109.4,68.9,45.9,87.5,80.3,97,113.4,
1997,97.7,98.4,97,97.9,100.1,103.7,88.3,80.6,89.7,101.1,79.3,82.3,78.1,89,85,82.7,74.8,73.8,106.5,81.3,86.7,117.1,105.3,86.1,100.7,99.1,101.9,105.8,93.3,83.7,92.4,82,59,81.5,143.4,288.3,150.1,110.8,91,116.2,88.8,97.9,101.9,106.3,101.5,97.6,101.6,88.3,90.7,103.8,82.8,89.8,111.6,127.3,71,102.2,89,92.3,146.7,103.6,114.6,77.6,83.3,117.6,1106.2,105.2,86.1,96.2,86.4,92.5,109.4,70.5,46.7,89.8,82.6,99,115.1,
1998,98.3,98.6,97.6,98.2,100.7,104.4,89.5,86.2,89.9,99.1,80.4,83.6,78.7,87.6,93.9,96.5,75,74.1,106.2,81.8,87.3,119.7,104.9,86.8,101.3,99.2,102.6,105.7,93.6,82.4,88.8,82.2,54,84,141.1,277.2,148.3,109.3,91.3,114,90.8,99.3,103.7,106.6,103.4,98.6,102.7,89.2,91.6,104.9,83.4,96.2,111.6,125.9,81.4,100.5,89.6,89.7,143.6,105.5,116.9,79,84.6,117.7,1077.1,105.6,87,96.4,87,93.8,109.2,71,47.1,92.5,79.1,101,115.3,
1999,98,98.6,97.3,98,100.7,104.3,89,82.1,90.4,99.7,80.2,82.6,78.1,88.8,86.7,84.7,77.2,76.4,105.8,83,87.2,121.2,104.9,87.1,101.2,98.8,102.6,105.4,92.9,81.1,87,80.8,50.5,85,139.5,270.4,146.9,108.9,90.5,112.7,91.7,99.1,103.6,106.5,103.3,98.4,102.1,89.9,91.6,104.4,83.2,95.5,111.5,124.2,80.7,100.3,89.8,89.3,143.3,107,119,79.3,85.1,116.8,1041.3,104.7,87.3,95.7,87.9,94.2,108.3,70.1,50.5,93.7,77.7,102.3,114.7,
2000,97.3,98.3,96.4,97.5,100.2,103.9,87.3,76.8,89.5,97.6,78.5,80.2,77,88.2,81.4,76.5,71.5,70.4,104.2,83.1,86.6,121,104.2,86.2,101.4,98.4,103,105.3,92.1,82.4,87.6,82,54.5,86.5,135.4,252.5,144.7,107.2,88.9,111.1,92.4,98,101.8,106,101.4,97.7,100.6,91.3,91.2,103.4,83.1,94.8,111.3,121.1,80.3,100.6,89.9,90.8,139.1,108.2,120.8,79.5,85.4,115.7,973.8,103.5,87.4,95.4,87.5,94.5,107.7,69.2,50.5,94.7,80.1,103.4,113.7,
2001,96.7,97.5,95.5,96.5,99.3,103,86.8,77.4,88.7,95.8,78,79.6,76.8,86.7,83,79.1,70.8,69.9,102.8,82,85.6,118.9,103.5,85.7,101.6,97.9,103.4,105.2,91.4,82.9,86.4,83.6,58,88,130.5,233.3,143.1,103.2,88.1,107.5,92.8,95.9,98.6,102.4,98.4,95.4,97.3,90.7,90.2,103.6,83.1,95.4,110.4,118.2,82.5,99.7,90.2,91.5,130.6,109.4,122.2,80.8,85.8,112.3,766.4,102.4,87.6,94.4,87.4,94.8,106.8,69.2,50.5,94.9,80.5,104.3,110.7,
2002,95.8,96.6,94.5,95.5,98.6,102.1,86.1,76,88.1,95,77.7,79.5,77.3,86.4,81.5,77.2,68.4,67.5,101.3,80.2,85.3,117,102.6,86,101.5,97.4,103.4,104.9,90.5,81.9,84.4,83,54.3,89.3,125.8,215.4,139.3,99.9,86.6,104.5,93.4,93.7,95.5,97.9,95.3,93,94.1,90.1,89.3,104,82.9,94.3,109.4,114.2,82,99.1,90,91.1,128.7,110.5,123.6,81.7,87,109.8,649.6,100.3,87.7,93.5,87.5,94.8,105.5,70.7,50.5,95.1,78.6,105.1,108.5,
2003,95.5,96.3,94.2,95.2,98.2,101.8,85.9,76.6,87.8,96.3,76.2,77.4,77.9,85.5,83.2,80.2,68.7,68,99,80,84.7,114,101.7,85.9,101.4,96.8,103.5,104.6,89.6,81.5,82.7,83,57.1,89.8,122,198.9,134.5,97.6,85.4,105.3,93.7,92,93,95.8,92.8,91,91.3,89.9,88.5,104.2,82.7,97.5,108.8,111.2,88.4,99.2,90.2,91.1,128.6,111.1,124.6,81.4,86.7,108.2,560,98.4,87.9,93.5,88.3,94.8,103.9,73.5,52.5,94.8,78.7,105.7,107.1,
2004,95.5,96.2,94.2,95,98,101.2,86.7,78.5,88.4,99.9,75.3,76.4,80.1,85.9,85.8,84.5,71.3,70.6,97.7,80.3,84.7,111.3,100.8,86.7,101.2,96.3,103.3,104.1,89.1,81.6,82.3,82.9,59.2,90.3,117.9,182.3,129.5,95.8,84.4,103.8,94.2,91.8,92.5,95.9,92.3,91.4,91.9,90,87.7,103.8,82.9,97.5,108.2,109,89.2,99,90.3,91.2,127,111.9,125.5,81.1,87.1,106.7,490.8,96.6,88.3,93.1,88.9,95,102.8,74.2,54.6,94.8,79.9,106.3,105.8,
2005,95.2,96.1,93.8,94.9,97.5,100.8,85.9,75.8,88,93.3,74.8,75,81.7,87.7,82.2,79,70.7,70.2,97,80.4,85.1,109.2,100.7,86.7,101.1,96,103.3,103.8,88.7,82.2,80.2,83.5,73.1,90.8,115.2,174.7,125.7,94,83.6,100.7,94.6,92.4,94,95.9,93.8,92.5,93.1,90.8,86.5,102.3,83.2,97.1,107.8,107.4,89.1,99.3,90.3,93.8,118.4,112.7,126.3,81,87.7,105.8,430.4,95.8,88.7,93,89.1,95.2,101.9,75.2,54.6,96.2,82.8,106.8,105,111.9
2006,95.5,96.2,94.1,95,97.1,100.4,86.3,79,87.8,91.7,76.5,77.1,82.3,85.8,84.9,83.6,73.4,73,95.7,80.4,85.5,107,99.8,87.2,101.1,96,103.3,103.8,88.7,85.2,80.8,87.5,91,91.5,112.8,165.6,122.7,93.4,83.9,99.4,94.9,93.2,95,95.3,95.1,93.1,94,91.2,87,101.7,84.1,96.6,107.2,106.8,88.6,99.6,90.1,96.1,114.1,113.4,127.2,81.2,88.3,104.2,350.4,95.9,89.1,93.6,89.9,95.2,100.9,78,57.1,96.6,87.6,107.4,103.4,108.8
2007,95.5,96.2,94.2,95.1,97,100.1,86.6,79.6,88.1,91.2,77.1,78.1,83.9,85.5,83.6,81.5,77,76.7,96.2,80.7,86,105.9,98.7,87.8,100.9,96,103.1,103.6,88.8,85.9,81.1,88.9,92.4,91.5,111,155.5,120,93.1,84.7,100.9,95.2,93.7,95.4,95,95.4,93.8,95,90.8,88.2,101.3,85,96.8,106.1,106.3,89.6,99.7,90.2,97,111.8,114.2,128.1,82.4,89.2,102.8,291.8,94.7,89.3,94.5,90.6,94.9,100.8,79.6,59.6,97,89.1,108.2,102.3,107.2
2008,96.8,97.6,95.7,96.7,97.7,100.1,88.8,79.3,90.8,97.1,78.9,79.4,87.3,89.5,85.2,82.7,72.3,71.8,100.1,85,88.9,105.4,100.2,89.2,101.1,96.4,103.1,103.6,89.7,91,84.1,94.8,119.6,91.8,110.6,150.2,118.3,92.6,86.2,103.1,95.3,94.2,95.7,95,95.8,93.9,95.3,90.6,89.7,100.5,86.7,96.6,105.8,104.4,89.8,101.7,91.1,100.2,111.8,115,129,82.4,89.7,102.3,238,94.9,89.5,95.7,91,95,100.8,81.4,59.6,97.3,97.1,109.1,101.9,107.2
2009,95.5,96.4,94.3,95.2,97.4,99.4,89,77.3,91.5,97.9,78.1,77,86.2,90.6,84.8,81.6,69.9,69.4,100.1,87.8,89.9,103,99.7,90,100.9,96.4,102.8,103.2,90.2,87.3,83.6,94.2,79.2,92.4,108.2,142,115.1,90.1,86.2,102.4,95.3,93.4,94.4,94.2,94.5,93.2,94.3,90.4,89.9,99.4,87.4,96.5,103.4,101.8,91.3,96.7,90.3,92.2,111.3,116,130,88.2,89.8,99.7,184.2,94.4,89.8,93.9,90.6,94.9,99.2,80.8,59.6,97.4,86.3,110.2,99.6,106.9
2010,94.8,95.4,93.5,94.2,96.1,98.2,88.7,81.8,90.2,94.7,76.8,76.2,84.7,89.9,90.1,90.7,74.5,74.3,98.4,86.8,88.4,100.8,98.3,89.9,100.5,95.9,102.4,102.7,89.6,87.1,81,93.5,91,92.7,103.2,127.7,110.5,87.8,85.3,97.8,95.7,92.3,93.4,94.1,93.4,92.1,93.5,88.9,88.8,96.9,87.5,96,102,99.2,91.9,97.7,89.7,94.4,110.5,104.9,113.3,88.9,90.1,98.1,148.5,91.8,90,93.7,91.8,94.8,98,80.5,65.4,99.2,88.7,101.6,98,106.5
2011,94.5,95.2,93.2,93.9,95.3,97.2,88.4,81,89.9,93.2,77.1,77,84.6,90.1,88.1,87.8,75,74.7,97.6,86.4,88.8,100.4,97.2,90.1,100.3,95.7,102.2,102.3,89.5,90,83.3,96.1,107.8,92.7,97.5,110.1,106.8,87.7,85.1,95.9,95.3,92,93.4,94.9,93.3,91.9,93.5,88.2,87.7,96.3,87.6,95.3,100,98.9,91.9,98.9,90.5,96.5,109.7,102.7,109.9,89,89.9,94.2,107.6,90.3,90.2,94.5,95.3,94.5,96.7,79.8,82.5,104.6,93.8,99.8,94.5,106.4
2012,94.5,95.1,93.3,94,94.9,96.7,88.5,81.4,89.9,96,77.8,77.5,83.8,88.2,87.7,87.2,77,76.7,96.3,85.8,89.4,99.3,96,90.1,99.9,95.5,101.8,101.8,89.5,93.4,88.2,100,109.9,93,94.7,100.5,105.1,89.2,86.5,94.1,95.3,92,93.4,95.4,93.3,92.1,94.1,87.7,87.2,96,87.7,94.6,97.8,97.6,92.1,99.2,90.6,97.3,108.6,103,110.3,90.7,90.1,92.7,98,89.3,90.7,93.7,95,94.4,95.6,79.9,82.5,104.7,97.3,100.2,93.1,105.7
2013,94.9,95.5,93.7,94.4,94.8,96.5,88.4,81.4,89.8,95.5,78.6,77.9,84.1,88.2,87.6,87.4,75.8,75.5,95.7,86,89.1,97.7,95,90.3,99.5,95.1,101.3,101.4,89.3,97.8,94.5,102.7,118.6,93.5,92.6,93.5,103.1,89.2,87,93.8,94.9,92.3,93.9,95.3,93.8,92.7,94.8,88.1,86.9,95.2,88.1,94,96.8,95.8,92.2,100.6,90.6,99.9,108,103.6,110.6,93.8,90.8,91.8,92.8,89,90.9,93.2,96.2,94.4,95.9,83.9,82.5,106.4,103,100.6,92.3,104.7
2014,97.5,98,96.8,97.4,96.9,98.3,91.7,86.4,92.8,95.1,86.2,87.1,90.5,93,90,90.1,78.9,78.6,98.8,89.1,93.2,98.7,96.9,92.7,99.6,96,101,101,91.5,103.9,102.1,108.7,125.6,95.9,96.1,99.4,104.5,91.5,89.7,97,96.5,94.3,95.8,97.5,95.7,95,96.4,91.7,88.5,96.7,91,95,98.5,96.5,92.9,103.2,95.3,102.6,109.4,105.5,112.2,95.9,93.5,95.1,97.5,93.6,93,96.1,99.7,96,97.5,90.1,85.1,111.7,109.7,102.5,95.5,106.1
2015,98.2,98.5,97.8,98.1,98.2,99.3,94.6,92.3,95,94.4,89.5,90.3,94.9,95.8,95.6,98,85.3,84.9,99.7,93.2,96.2,99.8,96.8,94.6,99.6,96.8,100.7,100.7,93.4,101.2,101.4,106,97.2,97.1,97.6,100.1,105,94.6,92.2,98.5,96.6,96.4,97.4,97.5,97.4,97.4,98.5,94.6,92.3,98.2,92.3,95.8,99.7,97.1,93.6,101.2,97.5,98.4,109.8,107.3,114.2,97.4,94.7,97,101.8,95.6,94.1,97.6,100.7,96.8,99.5,93.4,86,111.3,101.8,104.3,97.4,106.1
2016,98.1,98.2,97.7,97.8,98.8,99.6,96.2,96.5,96.1,96,91.1,92,96.5,96,99.1,102.8,91.1,90.9,100.4,95.5,97.5,100.1,96.4,95.4,99.5,97.1,100.4,100.4,94.3,93.9,93.4,95.8,75.5,97.4,97.2,96.6,100.9,95.9,96.5,98.2,96.6,98.1,99,97.4,99,98.6,99.4,96.8,96.2,99.2,93.1,96.7,99.6,98,94.9,99.3,97.4,95.5,108.8,108.9,116.2,97.7,95.9,97.9,102.9,96.5,94.4,98.7,101.4,97.1,99.6,94.5,87.1,112.4,91.4,106.1,98.1,105.3
2017,98.6,98.7,98.3,98.4,98.9,99.6,96.8,96.3,97,97.4,95.9,97.9,97.8,95.5,97.2,98.8,90.2,89.9,100.7,96.1,97.8,100.4,99.4,95.6,99.3,97.2,100.1,100.1,94.7,96.4,96.4,95.6,93.6,98,96.7,96.1,97.5,96.4,97.7,96.4,96.7,98.3,99.1,97.7,99.1,98.7,99.1,97.8,97,98.9,93.8,97.5,99.4,98.4,96.4,99.5,97.3,97.8,104.7,109.6,117,98.3,96.4,98.3,99.8,96.4,94.9,99.6,101.7,97.3,98.9,95,88,113.3,96.3,106.8,98.4,103.3
2018,99.5,99.5,99.5,99.5,99.2,99.7,98.2,99.9,97.9,99,98.9,100.5,98.2,97.6,101.6,103.7,93,92.7,100.8,96,98.4,100.2,99.8,96.5,99.2,97.3,100,100,94.9,100.2,100.7,98.6,110,98.5,95.7,93.9,95.5,96,97.5,95.9,96.7,98.5,99,97.4,99.1,98.9,99.2,98.2,97.2,99.1,95,99,99.2,98.5,99.1,100.9,97.5,100.9,102.9,110.1,117.3,98.4,97.1,99,98,96.3,95.7,100.9,102.1,97.5,98.8,95.6,90.6,113.7,103,107.2,99.1,101.2
2019,100,100.2,100,100.2,99.8,100.1,98.7,96.8,99,99.9,100.4,101,99,99.7,96.7,95.5,94.3,94,100.6,97.9,99.3,100.5,99.3,97.9,99.4,98.2,99.9,100,96.8,102.5,103.7,101.7,110,99.1,97.7,98.5,97.1,97.7,97.2,97.4,98,98.9,98.9,98.4,98.9,99.4,99.6,98.8,98.5,99.6,97.2,99.7,99.1,99.2,100.1,100.2,98.1,101,99.8,108.4,114.1,98.7,98.3,100.6,98.1,97.7,98.4,102.5,102.1,98.3,98.9,97.3,96.4,110.7,104.4,106.2,100.6,99.4
2020,100,100,100,100,100,100,100,100,100,100,100,100,100,100,100,100,100,100,100,100,100,100,100,100,100,100,100,100,100,100,100,100,100,100,100,100,100,100,100,100,100,100,100,100,100,100,100,100,100,100,100,100,100,100,100,100,100,100,100,100,100,100,100,100,100,100,100,100,100,100,100,100,100,100,100,100,100,100
2021,99.8,99.8,99.7,99.7,99.5,99.2,100,98.8,100.2,98.8,101.1,101.6,100.9,99.9,98.3,97.2,98.3,98.6,100.2,101,100.3,100.3,99.8,100.3,100.6,102,100.1,99.9,103.7,101.3,100.1,99.4,114.4,102.5,101.7,102.1,100.5,99.8,100.8,102.8,100.1,100.4,101.3,99.7,101.4,99.9,99.9,99.9,99.1,99.4,101.1,99.6,100.4,98.6,99.5,95,100.4,102.2,78.4,100,99.3,100.2,101.8,101.6,98.4,99.1,102.3,103,101.1,100.2,99.7,101,108.5,101.4,103.9,100.1,101.5,81.8
2022,102.3,102.1,102.7,102.5,100.5,99.4,104.5,106.7,104.1,103.7,112.1,115.6,104.8,102.2,102.3,102.3,104.2,105.1,106.9,105.4,104.8,103,100.9,103.4,101.3,104.3,100.1,100,107.7,116.3,120.1,117.9,137.5,101.9,105.5,108,103.7,102.1,105.3,104.9,100.9,102,103.2,100.7,103.3,101.3,101.2,101.4,100.2,99.9,104.6,99.3,101.5,98.7,98.4,93.5,100.9,104.7,68.3,100.9,99.9,103.3,103.2,102.7,102.4,100.6,104,103.4,102.2,101,100.1,105.2,113.6,101.6,121.7,101,102.7,71.4
2023,105.6,105.2,106.6,106.2,104.5,101.9,112.9,114.6,112.6,111.5,125.3,126.7,111.8,118.5,108.8,108.4,111.4,112.8,116.5,115.9,113.9,110.6,107.5,109,102.4,108.2,100.2,100,114.7,108.5,104.5,116,139,102.6,113.8,114.8,112.9,107.5,114.2,117.2,102.3,105.7,105.8,103.1,105.9,105.4,104.3,107.8,105.5,103.5,109.7,101.2,104.2,104.9,98.4,95.8,103.2,106,72.6,102.1,100.3,104.6,106.5,107.1,104.4,106.7,107.7,107.6,103.7,103.4,101.2,111.1,114.2,101.7,114.4,102.1,106.8,73.2
